{
	"credit": "Made with Blockbench",
	"ambientocclusion": false,
	"textures": {
		"texture": "block/chorus_noside2",
		"inside": "block/chorus_noside",
		"particle": "block/chorus_noside"
	},
	"elements": [
		{
			"from": [4, 4, 4],
			"to": [12, 12, 12],
			"faces": {
				"north": {"uv": [4, 4, 12, 12], "texture": "#inside"}
			}
		},
		{
			"from": [5, 5, 2],
			"to": [11, 11, 4],
			"faces": {
				"north": {"uv": [5, 5, 11, 11], "texture": "#texture"},
				"east": {"uv": [12, 5, 14, 11], "texture": "#texture"},
				"west": {"uv": [2, 5, 4, 11], "texture": "#texture"},
				"up": {"uv": [5, 2, 11, 4], "texture": "#texture"},
				"down": {"uv": [5, 12, 11, 14], "texture": "#texture"}
			}
		}
	]
}