{
    "parent": "item/handheld",
    "display": {
        "thirdperson_righthand": {
            "rotation": [ 0, 90, 0 ],
            "translation": [ 0, 5.0, 0.5 ],
            "scale": [ 0.85, 0.90, 0.85 ]
        },
        "thirdperson_lefthand": {
            "rotation": [ 0, -90, 0 ],
            "translation": [ 0, 5.0, 0.5 ],
            "scale": [ 0.85, 0.90, 0.85 ]
        },
        "firstperson_righthand": {
            "rotation": [ 0, 90, -25 ],
            "translation": [ -1, 4, 0.8 ],
            "scale": [ 0.68, 0.68, 0.68 ]
        },
        "firstperson_lefthand": {
            "rotation": [ 0, -90, 25 ],
            "translation": [ -1, 4, 0.8 ],
            "scale": [ 0.68, 0.68, 0.68 ]
        }
    }
}
